epoch,time,train/box_loss,train/cls_loss,train/dfl_loss,metrics/precision(B),metrics/recall(B),metrics/mAP50(B),metrics/mAP50-95(B),val/box_loss,val/cls_loss,val/dfl_loss,lr/pg0,lr/pg1,lr/pg2
1,57.1598,3.04268,3.76002,1.60897,3e-05,0.00926,0,0,5.21203,16203,34.2254,0.00319444,0.00319444,0.07125
2,117.286,2.84475,2.44768,1.47518,0,0,0,0,4.82365,90586.1,208.42,0.00638417,0.00638417,0.0411064
3,538.068,2.78642,2.08698,1.48481,5e-05,0.02315,1e-05,0,4.5119,4663.82,10.3833,0.00942722,0.00942722,0.0108161
4,595.162,2.62492,1.91912,1.4142,0.00123,0.03731,8e-05,2e-05,4.46388,64.6035,15.8056,0.00934,0.00934,0.00934
5,648.83,2.51384,1.71101,1.34077,0.68995,0.01852,0.00336,0.00071,4.13932,43.6352,6.17343,0.00912,0.00912,0.00912
6,701.997,2.44998,1.65813,1.33971,0.13934,0.22823,0.06333,0.0211,3.23517,34.2761,2.23375,0.0089,0.0089,0.0089
7,754.889,2.42954,1.55085,1.30323,0.23982,0.59889,0.23749,0.08476,2.52864,24.5426,1.64753,0.00868,0.00868,0.00868
8,808.175,2.36255,1.53092,1.3002,0.30111,0.40467,0.28508,0.08962,2.51856,5.41549,1.53912,0.00846,0.00846,0.00846
9,863.449,2.34373,1.49128,1.26901,0.34448,0.05104,0.00912,0.0031,4.20231,177.912,3.09234,0.00824,0.00824,0.00824
10,916.91,2.30662,1.43044,1.27354,0.42352,0.46428,0.413,0.14056,2.3725,4.83576,1.48688,0.00802,0.00802,0.00802
11,971.816,2.24659,1.41666,1.26295,0.63006,0.44888,0.45271,0.15457,2.44138,1.84715,1.4728,0.0078,0.0078,0.0078
12,1026.6,2.25397,1.38585,1.2497,0.58873,0.54338,0.4934,0.18402,2.46854,1.72613,1.48275,0.00758,0.00758,0.00758
13,1081.93,2.22445,1.34213,1.25512,0.66194,0.60682,0.60709,0.22017,2.23779,1.58804,1.36989,0.00736,0.00736,0.00736
14,1136.12,2.19431,1.34161,1.22169,0.69751,0.43905,0.47517,0.16152,2.43312,2.14987,1.48776,0.00714,0.00714,0.00714
15,1192.78,2.17814,1.27379,1.21418,0.70922,0.6595,0.67584,0.26628,2.13512,1.4439,1.33255,0.00692,0.00692,0.00692
16,1248.72,2.16836,1.2973,1.21268,0.68719,0.67105,0.71763,0.28585,2.18476,1.3915,1.33739,0.0067,0.0067,0.0067
17,1302.74,2.14059,1.27752,1.21239,0.66847,0.75433,0.71428,0.27545,2.11407,1.30478,1.27918,0.00648,0.00648,0.00648
18,1357.05,2.11576,1.26002,1.18476,0.57631,0.66482,0.66364,0.26565,2.00607,2.10817,1.2686,0.00626,0.00626,0.00626
19,1410.99,2.14096,1.23781,1.19151,0.73801,0.73591,0.75465,0.32057,2.0545,1.28245,1.27676,0.00604,0.00604,0.00604
20,1463.57,2.12909,1.23604,1.20026,0.5999,0.47606,0.55284,0.23006,2.1698,1.78792,1.35222,0.00582,0.00582,0.00582
21,1518.39,2.10951,1.19068,1.18939,0.73988,0.67855,0.70433,0.27369,2.23339,1.29788,1.34386,0.0056,0.0056,0.0056
22,1574.9,2.0886,1.21881,1.18032,0.74988,0.77545,0.76013,0.32388,1.96167,1.24093,1.24234,0.00538,0.00538,0.00538
23,1630.54,2.06629,1.18616,1.18162,0.77804,0.75316,0.76647,0.33663,1.9403,1.19866,1.23968,0.00516,0.00516,0.00516
24,1685.64,2.06604,1.13994,1.1808,0.70903,0.70683,0.71155,0.29649,1.98355,1.29196,1.2585,0.00494,0.00494,0.00494
25,1740.4,2.06663,1.15459,1.15885,0.78533,0.72761,0.75409,0.32192,2.0155,1.21432,1.26973,0.00472,0.00472,0.00472
26,1795.35,2.06537,1.16723,1.17515,0.77391,0.71641,0.74141,0.31411,2.06672,1.2159,1.27755,0.0045,0.0045,0.0045
27,1849.83,2.03786,1.1393,1.1653,0.75684,0.69317,0.76735,0.33935,1.96632,1.26472,1.23953,0.00428,0.00428,0.00428
28,1904.33,2.0019,1.13738,1.15885,0.71427,0.76064,0.75924,0.32043,1.90906,1.31484,1.23588,0.00406,0.00406,0.00406
29,1958.32,2.00658,1.13225,1.13321,0.77863,0.76194,0.75593,0.32448,1.95942,1.16476,1.23498,0.00384,0.00384,0.00384
30,2013.09,1.9933,1.10328,1.15174,0.81878,0.73425,0.77897,0.35458,1.90122,1.12552,1.20756,0.00362,0.00362,0.00362
31,2068.07,1.96833,1.07158,1.12574,0.84516,0.69006,0.75896,0.33904,1.91686,1.19699,1.21888,0.0034,0.0034,0.0034
32,2122.39,1.96691,1.04832,1.12536,0.74603,0.73115,0.77001,0.33847,1.9672,1.18123,1.23745,0.00318,0.00318,0.00318
33,2177.59,1.94756,1.07829,1.14694,0.81706,0.73611,0.77501,0.36084,1.83349,1.13357,1.19417,0.00296,0.00296,0.00296
34,2232.66,1.94165,1.04858,1.14209,0.86938,0.68502,0.78246,0.38207,1.8192,1.15915,1.19529,0.00274,0.00274,0.00274
35,2288.25,1.92409,1.0543,1.13784,0.79063,0.77567,0.79221,0.37069,1.84867,1.09624,1.20162,0.00252,0.00252,0.00252
36,2341.56,1.90442,1.01312,1.18208,0.84738,0.74801,0.80228,0.35639,1.96714,1.15147,1.22559,0.0023,0.0023,0.0023
37,2395.27,1.87872,0.98412,1.17763,0.81733,0.78287,0.81655,0.37543,1.91156,1.0813,1.22093,0.00208,0.00208,0.00208
38,2448.83,1.86939,0.97341,1.1821,0.84929,0.7712,0.81389,0.38904,1.83986,1.05763,1.19697,0.00186,0.00186,0.00186
39,2502.32,1.86446,0.95868,1.16175,0.84565,0.77617,0.81568,0.38519,1.83764,1.04594,1.18984,0.00164,0.00164,0.00164
40,2556.23,1.84953,0.9511,1.15241,0.83013,0.76082,0.79223,0.37467,1.85227,1.0727,1.19132,0.00142,0.00142,0.00142
41,2609.87,1.83065,0.94455,1.16007,0.84709,0.78533,0.81576,0.3915,1.82007,1.0341,1.19484,0.0012,0.0012,0.0012
42,2662.46,1.82309,0.92021,1.14765,0.82824,0.78917,0.79705,0.39455,1.80783,1.01866,1.18726,0.00098,0.00098,0.00098
43,2715.37,1.8137,0.91059,1.15533,0.8415,0.78814,0.80922,0.4043,1.80228,1.03635,1.17939,0.00076,0.00076,0.00076
44,2769.73,1.76518,0.88047,1.1399,0.83356,0.79591,0.82073,0.40214,1.8059,1.02006,1.18106,0.00054,0.00054,0.00054
45,2823.26,1.78284,0.89103,1.13643,0.85683,0.78897,0.81796,0.40624,1.79538,1.0134,1.18323,0.00032,0.00032,0.00032
